Workbook

Sheet Attendance Tracker
A1: Name | B1: Month | C1: Contact | D1: Group/ Department | E1: Total days present | F1: Actual days present | G1: Attendance Percentage | H1: Attendance requirement met | J1: Department | K1: Average Attendance Percentage
A2: Attendee 1 | B2: 45474 | C2: =VLOOKUP($A2,[1]List1_ContactInfo!$A$2:$B$58,2,FALSE) -> attendee1@company.com | D2: =VLOOKUP($A2,[1]List2_Department!$A$1:$B$51,2,FALSE) -> Marketing | E2: =DATE(2024,7,5)-DATE(2024,7,1)+1 -> 5 | F2: =SUMIF(List3_Details!A2:A251,Table1[[#This Row],[Name]],List3_Details!D2:D251) -> 2 | G2: =Table1[[#This Row],[Actual days present]]/Table1[[#This Row],[Total days present]] -> 0.4 | H2: =IF(OR(AND(OR(D2="Marketing",D2="Sales",D2="HR"), G2>=80%),AND(OR(D2="IT",D2="Finance"), G2>=40%)),"Requirement met","Not met") -> Not met | J2: Finance | K2: 0.48
A3: Attendee 10 | B3: 45474 | C3: =VLOOKUP($A3,[1]List1_ContactInfo!$A$2:$B$58,2,FALSE) -> attendee10@company.com | D3: =VLOOKUP($A3,[1]List2_Department!$A$1:$B$51,2,FALSE) -> Finance | E3: =DATE(2024,7,5)-DATE(2024,7,1)+1 -> 5 | F3: =SUMIF(List3_Details!A3:A252,Table1[[#This Row],[Name]],List3_Details!D3:D252) -> 2 | G3: =Table1[[#This Row],[Actual days present]]/Table1[[#This Row],[Total days present]] -> 0.4 | H3: =IF(OR(AND(OR(D3="Marketing",D3="Sales",D3="HR"), G3>=80%),AND(OR(D3="IT",D3="Finance"), G3>=40%)),"Requirement met","Not met") -> Requirement met | J3: HR | K3: 0.48
A4: Attendee 11 | B4: 45474 | C4: =VLOOKUP($A4,[1]List1_ContactInfo!$A$2:$B$58,2,FALSE) -> attendee11@company.com | D4: =VLOOKUP($A4,[1]List2_Department!$A$1:$B$51,2,FALSE) -> Marketing | E4: =DATE(2024,7,5)-DATE(2024,7,1)+1 -> 5 | F4: =SUMIF(List3_Details!A4:A253,Table1[[#This Row],[Name]],List3_Details!D4:D253) -> 3 | G4: =Table1[[#This Row],[Actual days present]]/Table1[[#This Row],[Total days present]] -> 0.6 | H4: =IF(OR(AND(OR(D4="Marketing",D4="Sales",D4="HR"), G4>=80%),AND(OR(D4="IT",D4="Finance"), G4>=40%)),"Requirement met","Not met") -> Not met | J4: IT | K4: 0.54
A5: Attendee 12 | B5: 45474 | C5: =VLOOKUP($A5,[1]List1_ContactInfo!$A$2:$B$58,2,FALSE) -> attendee12@company.com | D5: =VLOOKUP($A5,[1]List2_Department!$A$1:$B$51,2,FALSE) -> Sales | E5: =DATE(2024,7,5)-DATE(2024,7,1)+1 -> 5 | F5: =SUMIF(List3_Details!A5:A254,Table1[[#This Row],[Name]],List3_Details!D5:D254) -> 0 | G5: =Table1[[#This Row],[Actual days present]]/Table1[[#This Row],[Total days present]] -> 0 | H5: =IF(OR(AND(OR(D5="Marketing",D5="Sales",D5="HR"), G5>=80%),AND(OR(D5="IT",D5="Finance"), G5>=40%)),"Requirement met","Not met") -> Not met | J5: Marketing | K5: 0.52
A6: Attendee 13 | B6: 45474 | C6: =VLOOKUP($A6,[1]List1_ContactInfo!$A$2:$B$58,2,FALSE) -> attendee13@company.com | D6: =VLOOKUP($A6,[1]List2_Department!$A$1:$B$51,2,FALSE) -> HR | E6: =DATE(2024,7,5)-DATE(2024,7,1)+1 -> 5 | F6: =SUMIF(List3_Details!A6:A255,Table1[[#This Row],[Name]],List3_Details!D6:D255) -> 3 | G6: =Table1[[#This Row],[Actual days present]]/Table1[[#This Row],[Total days present]] -> 0.6 | H6: =IF(OR(AND(OR(D6="Marketing",D6="Sales",D6="HR"), G6>=80%),AND(OR(D6="IT",D6="Finance"), G6>=40%)),"Requirement met","Not met") -> Not met | J6: Sales | K6: 0.52
A7: Attendee 14 | B7: 45474 | C7: =VLOOKUP($A7,[1]List1_ContactInfo!$A$2:$B$58,2,FALSE) -> attendee14@company.com | D7: =VLOOKUP($A7,[1]List2_Department!$A$1:$B$51,2,FALSE) -> IT | E7: =DATE(2024,7,5)-DATE(2024,7,1)+1 -> 5 | F7: =SUMIF(List3_Details!A7:A256,Table1[[#This Row],[Name]],List3_Details!D7:D256) -> 3 | G7: =Table1[[#This Row],[Actual days present]]/Table1[[#This Row],[Total days present]] -> 0.6 | H7: =IF(OR(AND(OR(D7="Marketing",D7="Sales",D7="HR"), G7>=80%),AND(OR(D7="IT",D7="Finance"), G7>=40%)),"Requirement met","Not met") -> Requirement met | J7: Grand Total | K7: 0.508
A8: Attendee 15 | B8: 45474 | C8: =VLOOKUP($A8,[1]List1_ContactInfo!$A$2:$B$58,2,FALSE) -> attendee15@company.com | D8: =VLOOKUP($A8,[1]List2_Department!$A$1:$B$51,2,FALSE) -> Finance | E8: =DATE(2024,7,5)-DATE(2024,7,1)+1 -> 5 | F8: =SUMIF(List3_Details!A8:A257,Table1[[#This Row],[Name]],List3_Details!D8:D257) -> 3 | G8: =Table1[[#This Row],[Actual days present]]/Table1[[#This Row],[Total days present]] -> 0.6 | H8: =IF(OR(AND(OR(D8="Marketing",D8="Sales",D8="HR"), G8>=80%),AND(OR(D8="IT",D8="Finance"), G8>=40%)),"Requirement met","Not met") -> Requirement met
A9: Attendee 16 | B9: 45474 | C9: =VLOOKUP($A9,[1]List1_ContactInfo!$A$2:$B$58,2,FALSE) -> attendee16@company.com | D9: =VLOOKUP($A9,[1]List2_Department!$A$1:$B$51,2,FALSE) -> Marketing | E9: =DATE(2024,7,5)-DATE(2024,7,1)+1 -> 5 | F9: =SUMIF(List3_Details!A9:A258,Table1[[#This Row],[Name]],List3_Details!D9:D258) -> 2 | G9: =Table1[[#This Row],[Actual days present]]/Table1[[#This Row],[Total days present]] -> 0.4 | H9: =IF(OR(AND(OR(D9="Marketing",D9="Sales",D9="HR"), G9>=80%),AND(OR(D9="IT",D9="Finance"), G9>=40%)),"Requirement met","Not met") -> Not met
A10: Attendee 17 | B10: 45474 | C10: =VLOOKUP($A10,[1]List1_ContactInfo!$A$2:$B$58,2,FALSE) -> attendee17@company.com | D10: =VLOOKUP($A10,[1]List2_Department!$A$1:$B$51,2,FALSE) -> Sales | E10: =DATE(2024,7,5)-DATE(2024,7,1)+1 -> 5 | F10: =SUMIF(List3_Details!A10:A259,Table1[[#This Row],[Name]],List3_Details!D10:D259) -> 3 | G10: =Table1[[#This Row],[Actual days present]]/Table1[[#This Row],[Total days present]] -> 0.6 | H10: =IF(OR(AND(OR(D10="Marketing",D10="Sales",D10="HR"), G10>=80%),AND(OR(D10="IT",D10="Finance"), G10>=40%)),"Requirement met","Not met") -> Not met
A11: Attendee 18 | B11: 45474 | C11: =VLOOKUP($A11,[1]List1_ContactInfo!$A$2:$B$58,2,FALSE) -> attendee18@company.com | D11: =VLOOKUP($A11,[1]List2_Department!$A$1:$B$51,2,FALSE) -> HR | E11: =DATE(2024,7,5)-DATE(2024,7,1)+1 -> 5 | F11: =SUMIF(List3_Details!A11:A260,Table1[[#This Row],[Name]],List3_Details!D11:D260) -> 3 | G11: =Table1[[#This Row],[Actual days present]]/Table1[[#This Row],[Total days present]] -> 0.6 | H11: =IF(OR(AND(OR(D11="Marketing",D11="Sales",D11="HR"), G11>=80%),AND(OR(D11="IT",D11="Finance"), G11>=40%)),"Requirement met","Not met") -> Not met
A12: Attendee 19 | B12: 45474 | C12: =VLOOKUP($A12,[1]List1_ContactInfo!$A$2:$B$58,2,FALSE) -> attendee19@company.com | D12: =VLOOKUP($A12,[1]List2_Department!$A$1:$B$51,2,FALSE) -> IT | E12: =DATE(2024,7,5)-DATE(2024,7,1)+1 -> 5 | F12: =SUMIF(List3_Details!A12:A261,Table1[[#This Row],[Name]],List3_Details!D12:D261) -> 3 | G12: =Table1[[#This Row],[Actual days present]]/Table1[[#This Row],[Total days present]] -> 0.6 | H12: =IF(OR(AND(OR(D12="Marketing",D12="Sales",D12="HR"), G12>=80%),AND(OR(D12="IT",D12="Finance"), G12>=40%)),"Requirement met","Not met") -> Requirement met
A13: Attendee 2 | B13: 45474 | C13: =VLOOKUP($A13,[1]List1_ContactInfo!$A$2:$B$58,2,FALSE) -> attendee2@company.com | D13: =VLOOKUP($A13,[1]List2_Department!$A$1:$B$51,2,FALSE) -> Sales | E13: =DATE(2024,7,5)-DATE(2024,7,1)+1 -> 5 | F13: =SUMIF(List3_Details!A13:A262,Table1[[#This Row],[Name]],List3_Details!D13:D262) -> 3 | G13: =Table1[[#This Row],[Actual days present]]/Table1[[#This Row],[Total days present]] -> 0.6 | H13: =IF(OR(AND(OR(D13="Marketing",D13="Sales",D13="HR"), G13>=80%),AND(OR(D13="IT",D13="Finance"), G13>=40%)),"Requirement met","Not met") -> Not met
A14: Attendee 20 | B14: 45474 | C14: =VLOOKUP($A14,[1]List1_ContactInfo!$A$2:$B$58,2,FALSE) -> attendee20@company.com | D14: =VLOOKUP($A14,[1]List2_Department!$A$1:$B$51,2,FALSE) -> Finance | E14: =DATE(2024,7,5)-DATE(2024,7,1)+1 -> 5 | F14: =SUMIF(List3_Details!A14:A263,Table1[[#This Row],[Name]],List3_Details!D14:D263) -> 2 | G14: =Table1[[#This Row],[Actual days present]]/Table1[[#This Row],[Total days present]] -> 0.4 | H14: =IF(OR(AND(OR(D14="Marketing",D14="Sales",D14="HR"), G14>=80%),AND(OR(D14="IT",D14="Finance"), G14>=40%)),"Requirement met","Not met") -> Requirement met
A15: Attendee 21 | B15: 45474 | C15: =VLOOKUP($A15,[1]List1_ContactInfo!$A$2:$B$58,2,FALSE) -> attendee21@company.com | D15: =VLOOKUP($A15,[1]List2_Department!$A$1:$B$51,2,FALSE) -> Marketing | E15: =DATE(2024,7,5)-DATE(2024,7,1)+1 -> 5 | F15: =SUMIF(List3_Details!A15:A264,Table1[[#This Row],[Name]],List3_Details!D15:D264) -> 3 | G15: =Table1[[#This Row],[Actual days present]]/Table1[[#This Row],[Total days present]] -> 0.6 | H15: =IF(OR(AND(OR(D15="Marketing",D15="Sales",D15="HR"), G15>=80%),AND(OR(D15="IT",D15="Finance"), G15>=40%)),"Requirement met","Not met") -> Not met
A16: Attendee 22 | B16: 45474 | C16: =VLOOKUP($A16,[1]List1_ContactInfo!$A$2:$B$58,2,FALSE) -> attendee22@company.com | D16: =VLOOKUP($A16,[1]List2_Department!$A$1:$B$51,2,FALSE) -> Sales | E16: =DATE(2024,7,5)-DATE(2024,7,1)+1 -> 5 | F16: =SUMIF(List3_Details!A16:A265,Table1[[#This Row],[Name]],List3_Details!D16:D265) -> 1 | G16: =Table1[[#This Row],[Actual days present]]/Table1[[#This Row],[Total days present]] -> 0.2 | H16: =IF(OR(AND(OR(D16="Marketing",D16="Sales",D16="HR"), G16>=80%),AND(OR(D16="IT",D16="Finance"), G16>=40%)),"Requirement met","Not met") -> Not met
A17: Attendee 23 | B17: 45474 | C17: =VLOOKUP($A17,[1]List1_ContactInfo!$A$2:$B$58,2,FALSE) -> attendee23@company.com | D17: =VLOOKUP($A17,[1]List2_Department!$A$1:$B$51,2,FALSE) -> HR | E17: =DATE(2024,7,5)-DATE(2024,7,1)+1 -> 5 | F17: =SUMIF(List3_Details!A17:A266,Table1[[#This Row],[Name]],List3_Details!D17:D266) -> 3 | G17: =Table1[[#This Row],[Actual days present]]/Table1[[#This Row],[Total days present]] -> 0.6 | H17: =IF(OR(AND(OR(D17="Marketing",D17="Sales",D17="HR"), G17>=80%),AND(OR(D17="IT",D17="Finance"), G17>=40%)),"Requirement met","Not met") -> Not met
A18: Attendee 24 | B18: 45474 | C18: =VLOOKUP($A18,[1]List1_ContactInfo!$A$2:$B$58,2,FALSE) -> attendee24@company.com | D18: =VLOOKUP($A18,[1]List2_Department!$A$1:$B$51,2,FALSE) -> IT | E18: =DATE(2024,7,5)-DATE(2024,7,1)+1 -> 5 | F18: =SUMIF(List3_Details!A18:A267,Table1[[#This Row],[Name]],List3_Details!D18:D267) -> 2 | G18: =Table1[[#This Row],[Actual days present]]/Table1[[#This Row],[Total days present]] -> 0.4 | H18: =IF(OR(AND(OR(D18="Marketing",D18="Sales",D18="HR"), G18>=80%),AND(OR(D18="IT",D18="Finance"), G18>=40%)),"Requirement met","Not met") -> Requirement met
A19: Attendee 25 | B19: 45474 | C19: =VLOOKUP($A19,[1]List1_ContactInfo!$A$2:$B$58,2,FALSE) -> attendee25@company.com | D19: =VLOOKUP($A19,[1]List2_Department!$A$1:$B$51,2,FALSE) -> Finance | E19: =DATE(2024,7,5)-DATE(2024,7,1)+1 -> 5 | F19: =SUMIF(List3_Details!A19:A268,Table1[[#This Row],[Name]],List3_Details!D19:D268) -> 2 | G19: =Table1[[#This Row],[Actual days present]]/Table1[[#This Row],[Total days present]] -> 0.4 | H19: =IF(OR(AND(OR(D19="Marketing",D19="Sales",D19="HR"), G19>=80%),AND(OR(D19="IT",D19="Finance"), G19>=40%)),"Requirement met","Not met") -> Requirement met
... A51: Attendee 9 | B51: 45474 | C51: =VLOOKUP($A51,[1]List1_ContactInfo!$A$2:$B$58,2,FALSE) -> attendee9@company.com | D51: =VLOOKUP($A51,[1]List2_Department!$A$1:$B$51,2,FALSE) -> IT | E51: =DATE(2024,7,5)-DATE(2024,7,1)+1 -> 5 | F51: =SUMIF(List3_Details!A51:A300,Table1[[#This Row],[Name]],List3_Details!D51:D300) -> 4 | G51: =Table1[[#This Row],[Actual days present]]/Table1[[#This Row],[Total days present]] -> 0.8 | H51: =IF(OR(AND(OR(D51="Marketing",D51="Sales",D51="HR"), G51>=80%),AND(OR(D51="IT",D51="Finance"), G51>=40%)),"Requirement met","Not met") -> Requirement met
F52: =COUNTIF($F$2:$F$51,1) -> 4

Sheet List3_Details
A1: Name | B1: Date | C1: Attended | D1: Count of attendance | E1: Attendance Status
A2: Attendee 1 | B2: 45474 | C2: Yes | D2: =IF($C2="Yes",1,0) -> 1 | E2: =IF(C2="Yes","Present","Absent") -> Present
A3: Attendee 1 | B3: 45475 | C3: No | D3: =IF($C3="Yes",1,0) -> 0 | E3: =IF(C3="Yes","Present","Absent") -> Absent | G3: Dates | H3: Attendance
A4: Attendee 1 | B4: 45476 | C4: No | D4: =IF($C4="Yes",1,0) -> 0 | E4: =IF(C4="Yes","Present","Absent") -> Absent | G4: 45474 | H4: 25
A5: Attendee 1 | B5: 45477 | C5: Yes | D5: =IF($C5="Yes",1,0) -> 1 | E5: =IF(C5="Yes","Present","Absent") -> Present | G5: 45475 | H5: 25
A6: Attendee 1 | B6: 45478 | C6: No | D6: =IF($C6="Yes",1,0) -> 0 | E6: =IF(C6="Yes","Present","Absent") -> Absent | G6: 45476 | H6: 24
A7: Attendee 10 | B7: 45474 | C7: No | D7: =IF($C7="Yes",1,0) -> 0 | E7: =IF(C7="Yes","Present","Absent") -> Absent | G7: 45477 | H7: 30
A8: Attendee 10 | B8: 45475 | C8: Yes | D8: =IF($C8="Yes",1,0) -> 1 | E8: =IF(C8="Yes","Present","Absent") -> Present | G8: 45478 | H8: 23
A9: Attendee 10 | B9: 45476 | C9: Yes | D9: =IF($C9="Yes",1,0) -> 1 | E9: =IF(C9="Yes","Present","Absent") -> Present | G9: Grand Total | H9: 127
A10: Attendee 10 | B10: 45477 | C10: No | D10: =IF($C10="Yes",1,0) -> 0 | E10: =IF(C10="Yes","Present","Absent") -> Absent
A11: Attendee 10 | B11: 45478 | C11: No | D11: =IF($C11="Yes",1,0) -> 0 | E11: =IF(C11="Yes","Present","Absent") -> Absent
A12: Attendee 11 | B12: 45474 | C12: Yes | D12: =IF($C12="Yes",1,0) -> 1 | E12: =IF(C12="Yes","Present","Absent") -> Present
A13: Attendee 11 | B13: 45475 | C13: No | D13: =IF($C13="Yes",1,0) -> 0 | E13: =IF(C13="Yes","Present","Absent") -> Absent
A14: Attendee 11 | B14: 45476 | C14: Yes | D14: =IF($C14="Yes",1,0) -> 1 | E14: =IF(C14="Yes","Present","Absent") -> Present
A15: Attendee 11 | B15: 45477 | C15: Yes | D15: =IF($C15="Yes",1,0) -> 1 | E15: =IF(C15="Yes","Present","Absent") -> Present
A16: Attendee 11 | B16: 45478 | C16: No | D16: =IF($C16="Yes",1,0) -> 0 | E16: =IF(C16="Yes","Present","Absent") -> Absent
A17: Attendee 12 | B17: 45474 | C17: No | D17: =IF($C17="Yes",1,0) -> 0 | E17: =IF(C17="Yes","Present","Absent") -> Absent
A18: Attendee 12 | B18: 45475 | C18: No | D18: =IF($C18="Yes",1,0) -> 0 | E18: =IF(C18="Yes","Present","Absent") -> Absent
A19: Attendee 12 | B19: 45476 | C19: No | D19: =IF($C19="Yes",1,0) -> 0 | E19: =IF(C19="Yes","Present","Absent") -> Absent
A20: Attendee 12 | B20: 45477 | C20: No | D20: =IF($C20="Yes",1,0) -> 0 | E20: =IF(C20="Yes","Present","Absent") -> Absent
A21: Attendee 12 | B21: 45478 | C21: No | D21: =IF($C21="Yes",1,0) -> 0 | E21: =IF(C21="Yes","Present","Absent") -> Absent
... A251: Attendee 9 | B251: 45478 | C251: No | D251: =IF($C251="Yes",1,0) -> 0 | E251: =IF(C251="Yes","Present","Absent") -> Absent
